TOT_TDC (irrad=1) X,TOT_TDC (irrad=1) Y,TOT_TDC (irrad=2) X,TOT_TDC (irrad=2) Y,TOT_TDC (irrad=3) X,TOT_TDC (irrad=3) Y,TOA_TDC (irrad=1) X,TOA_TDC (irrad=1) Y,TOA_TDC (irrad=2) X,TOA_TDC (irrad=2) Y,TOA_TDC (irrad=3) X,TOA_TDC (irrad=3) Y
-149,3.24E-09,-149,3.70E-09,-149,3.60E-09,-149,7.72E-09,-149,7.56E-09,-149,7.60E-09
-148,3.28E-09,-148,3.74E-09,-148,3.42E-09,-148,7.70E-09,-148,7.54E-09,-148,7.62E-09
-147,3.32E-09,-147,3.72E-09,-147,3.62E-09,-147,7.68E-09,-147,7.50E-09,-147,7.52E-09
-146,3.36E-09,-146,3.76E-09,-146,3.54E-09,-146,7.72E-09,-146,7.48E-09,-146,7.62E-09
-145,3.42E-09,-145,3.86E-09,-145,3.58E-09,-145,7.68E-09,-145,7.48E-09,-145,7.56E-09
-144,3.42E-09,-144,3.80E-09,-144,3.58E-09,-144,7.76E-09,-144,7.50E-09,-144,7.58E-09
-143,3.32E-09,-143,3.78E-09,-143,3.70E-09,-143,7.74E-09,-143,7.50E-09,-143,7.56E-09
-142,3.40E-09,-142,3.64E-09,-142,3.54E-09,-142,7.72E-09,-142,7.54E-09,-142,7.60E-09
-141,3.34E-09,-141,3.68E-09,-141,3.54E-09,-141,7.72E-09,-141,7.54E-09,-141,7.52E-09
-140,3.30E-09,-140,3.74E-09,-140,3.62E-09,-140,7.72E-09,-140,7.54E-09,-140,7.56E-09
-139,3.36E-09,-139,3.84E-09,-139,3.56E-09,-139,7.76E-09,-139,7.54E-09,-139,7.54E-09
-138,3.24E-09,-138,3.76E-09,-138,3.48E-09,-138,7.68E-09,-138,7.50E-09,-138,7.60E-09
-137,3.36E-09,-137,3.80E-09,-137,3.48E-09,-137,7.74E-09,-137,7.50E-09,-137,7.62E-09
-136,3.34E-09,-136,3.78E-09,-136,3.46E-09,-136,7.66E-09,-136,7.52E-09,-136,7.60E-09
-135,3.36E-09,-135,3.76E-09,-135,3.48E-09,-135,7.70E-09,-135,7.50E-09,-135,7.62E-09
-134,3.40E-09,-134,3.76E-09,-134,3.48E-09,-134,7.66E-09,-134,7.52E-09,-134,7.56E-09
-133,3.42E-09,-133,3.72E-09,-133,3.56E-09,-133,7.66E-09,-133,7.58E-09,-133,7.60E-09
-132,3.42E-09,-132,3.90E-09,-132,3.46E-09,-132,7.66E-09,-132,7.50E-09,-132,7.60E-09
-131,3.26E-09,-131,3.74E-09,-131,3.62E-09,-131,7.74E-09,-131,7.54E-09,-131,7.54E-09
-130,3.42E-09,-130,3.76E-09,-130,3.60E-09,-130,7.72E-09,-130,7.50E-09,-130,7.54E-09
-129,3.24E-09,-129,3.64E-09,-129,3.44E-09,-129,7.74E-09,-129,7.54E-09,-129,7.60E-09
-128,3.30E-09,-128,3.72E-09,-128,3.66E-09,-128,7.68E-09,-128,7.54E-09,-128,7.60E-09
-127,3.40E-09,-127,3.68E-09,-127,3.62E-09,-127,7.68E-09,-127,7.50E-09,-127,7.60E-09
-126,3.32E-09,-126,3.74E-09,-126,3.62E-09,-126,7.70E-09,-126,7.50E-09,-126,7.58E-09
-125,3.30E-09,-125,3.78E-09,-125,3.58E-09,-125,7.74E-09,-125,7.50E-09,-125,7.56E-09
-124,3.28E-09,-124,3.84E-09,-124,3.54E-09,-124,7.72E-09,-124,7.50E-09,-124,7.60E-09
-123,3.42E-09,-123,3.76E-09,-123,3.64E-09,-123,7.82E-09,-123,7.50E-09,-123,7.52E-09
-122,3.26E-09,-122,3.80E-09,-122,3.44E-09,-122,7.70E-09,-122,7.54E-09,-122,7.62E-09
-121,3.42E-09,-121,3.76E-09,-121,3.50E-09,-121,7.70E-09,-121,7.50E-09,-121,7.58E-09
-120,3.44E-09,-120,3.82E-09,-120,3.62E-09,-120,7.64E-09,-120,7.46E-09,-120,7.58E-09
-119,3.32E-09,-119,3.74E-09,-119,3.52E-09,-119,7.72E-09,-119,7.54E-09,-119,7.60E-09
-118,3.30E-09,-118,3.68E-09,-118,3.66E-09,-118,7.78E-09,-118,7.54E-09,-118,7.56E-09
-117,3.40E-09,-117,3.72E-09,-117,3.54E-09,-117,7.72E-09,-117,7.48E-09,-117,7.56E-09
-116,3.26E-09,-116,3.68E-09,-116,3.60E-09,-116,7.76E-09,-116,7.50E-09,-116,7.58E-09
-115,3.42E-09,-115,3.72E-09,-115,3.56E-09,-115,7.72E-09,-115,7.48E-09,-115,7.50E-09
-114,3.24E-09,-114,3.76E-09,-114,3.60E-09,-114,7.72E-09,-114,7.52E-09,-114,7.54E-09
-113,3.34E-09,-113,3.64E-09,-113,3.60E-09,-113,7.68E-09,-113,7.56E-09,-113,7.52E-09
-112,3.44E-09,-112,3.72E-09,-112,3.60E-09,-112,7.72E-09,-112,7.50E-09,-112,7.60E-09
-111,3.30E-09,-111,3.84E-09,-111,3.56E-09,-111,7.70E-09,-111,7.48E-09,-111,7.54E-09
-110,3.26E-09,-110,3.74E-09,-110,3.54E-09,-110,7.78E-09,-110,7.54E-09,-110,7.58E-09
-109,3.32E-09,-109,3.78E-09,-109,3.60E-09,-109,7.80E-09,-109,7.48E-09,-109,7.56E-09
-108,3.14E-09,-108,3.72E-09,-108,3.56E-09,-108,7.70E-09,-108,7.52E-09,-108,7.62E-09
-107,3.36E-09,-107,3.82E-09,-107,3.62E-09,-107,7.76E-09,-107,7.50E-09,-107,7.58E-09
-106,3.44E-09,-106,3.76E-09,-106,3.64E-09,-106,7.72E-09,-106,7.48E-09,-106,7.54E-09
-105,3.40E-09,-105,3.72E-09,-105,3.56E-09,-105,7.66E-09,-105,7.52E-09,-105,7.54E-09
-104,3.40E-09,-104,3.80E-09,-104,3.52E-09,-104,7.72E-09,-104,7.48E-09,-104,7.56E-09
-103,3.34E-09,-103,3.80E-09,-103,3.62E-09,-103,7.68E-09,-103,7.48E-09,-103,7.54E-09
-102,3.28E-09,-102,3.76E-09,-102,3.60E-09,-102,7.72E-09,-102,7.46E-09,-102,7.60E-09
-101,3.30E-09,-101,3.70E-09,-101,3.68E-09,-101,7.74E-09,-101,7.50E-09,-101,7.56E-09
-100,3.40E-09,-100,3.74E-09,-100,3.54E-09,-100,7.72E-09,-100,7.54E-09,-100,7.56E-09
-99,3.28E-09,-99,3.74E-09,-99,3.66E-09,-99,7.70E-09,-99,7.56E-09,-99,7.56E-09
-98,3.32E-09,-98,3.76E-09,-98,3.70E-09,-98,7.80E-09,-98,7.50E-09,-98,7.54E-09
-97,3.32E-09,-97,3.74E-09,-97,3.56E-09,-97,7.66E-09,-97,7.56E-09,-97,7.56E-09
-96,3.30E-09,-96,3.72E-09,-96,3.56E-09,-96,7.72E-09,-96,7.50E-09,-96,7.60E-09
-95,3.24E-09,-95,3.72E-09,-95,3.46E-09,-95,7.74E-09,-95,7.50E-09,-95,7.64E-09
-94,3.36E-09,-94,3.78E-09,-94,3.58E-09,-94,7.64E-09,-94,7.52E-09,-94,7.56E-09
-93,3.32E-09,-93,3.86E-09,-93,3.60E-09,-93,7.78E-09,-93,7.52E-09,-93,7.60E-09
-92,3.24E-09,-92,3.76E-09,-92,3.62E-09,-92,7.80E-09,-92,7.54E-09,-92,7.56E-09
-91,3.46E-09,-91,3.82E-09,-91,3.56E-09,-91,7.74E-09,-91,7.42E-09,-91,7.58E-09
-90,3.58E-09,-90,3.82E-09,-90,3.60E-09,-90,7.74E-09,-90,7.54E-09,-90,7.60E-09
-89,3.38E-09,-89,3.76E-09,-89,3.46E-09,-89,7.74E-09,-89,7.54E-09,-89,7.60E-09
-88,3.24E-09,-88,3.72E-09,-88,3.46E-09,-88,7.72E-09,-88,7.52E-09,-88,7.60E-09
-87,3.28E-09,-87,3.78E-09,-87,3.64E-09,-87,7.72E-09,-87,7.54E-09,-87,7.56E-09
-86,3.34E-09,-86,3.80E-09,-86,3.58E-09,-86,7.72E-09,-86,7.52E-09,-86,7.54E-09
-85,3.38E-09,-85,3.76E-09,-85,3.64E-09,-85,7.72E-09,-85,7.50E-09,-85,7.56E-09
-84,3.32E-09,-84,3.74E-09,-84,3.48E-09,-84,7.72E-09,-84,7.48E-09,-84,7.60E-09
-83,3.42E-09,-83,3.74E-09,-83,3.62E-09,-83,7.76E-09,-83,7.56E-09,-83,7.58E-09
-82,3.32E-09,-82,3.70E-09,-82,3.68E-09,-82,7.78E-09,-82,7.52E-09,-82,7.60E-09
-81,3.40E-09,-81,3.72E-09,-81,3.50E-09,-81,7.68E-09,-81,7.54E-09,-81,7.54E-09
-80,3.30E-09,-80,3.86E-09,-80,3.56E-09,-80,7.76E-09,-80,7.48E-09,-80,7.58E-09
-79,3.32E-09,-79,3.68E-09,-79,3.60E-09,-79,7.68E-09,-79,7.50E-09,-79,7.54E-09
-78,3.52E-09,-78,3.80E-09,-78,3.60E-09,-78,7.68E-09,-78,7.50E-09,-78,7.56E-09
-77,3.38E-09,-77,3.74E-09,-77,3.50E-09,-77,7.68E-09,-77,7.52E-09,-77,7.62E-09
-76,3.26E-09,-76,3.70E-09,-76,3.62E-09,-76,7.72E-09,-76,7.54E-09,-76,7.62E-09
-75,3.38E-09,-75,3.72E-09,-75,3.54E-09,-75,7.68E-09,-75,7.52E-09,-75,7.58E-09
-74,3.28E-09,-74,3.70E-09,-74,3.52E-09,-74,7.80E-09,-74,7.48E-09,-74,7.60E-09
-73,3.28E-09,-73,3.82E-09,-73,3.60E-09,-73,7.74E-09,-73,7.50E-09,-73,7.58E-09
-72,3.44E-09,-72,3.70E-09,-72,3.52E-09,-72,7.70E-09,-72,7.52E-09,-72,7.60E-09
-71,3.22E-09,-71,3.76E-09,-71,3.60E-09,-71,7.74E-09,-71,7.48E-09,-71,7.54E-09
-70,3.32E-09,-70,3.76E-09,-70,3.48E-09,-70,7.70E-09,-70,7.48E-09,-70,7.64E-09
-69,3.46E-09,-69,3.82E-09,-69,3.52E-09,-69,7.70E-09,-69,7.48E-09,-69,7.58E-09
-68,3.44E-09,-68,3.84E-09,-68,3.52E-09,-68,7.70E-09,-68,7.52E-09,-68,7.56E-09
-67,3.30E-09,-67,3.76E-09,-67,3.50E-09,-67,7.78E-09,-67,7.48E-09,-67,7.62E-09
-66,3.24E-09,-66,3.66E-09,-66,3.50E-09,-66,7.72E-09,-66,7.54E-09,-66,7.58E-09
-65,3.34E-09,-65,3.66E-09,-65,3.46E-09,-65,7.76E-09,-65,7.54E-09,-65,7.52E-09
-64,3.36E-09,-64,3.88E-09,-64,3.56E-09,-64,7.74E-09,-64,7.48E-09,-64,7.62E-09
-63,3.32E-09,-63,3.84E-09,-63,3.60E-09,-63,7.76E-09,-63,7.50E-09,-63,7.50E-09
-62,3.32E-09,-62,3.64E-09,-62,3.56E-09,-62,7.74E-09,-62,7.54E-09,-62,7.60E-09
-61,3.22E-09,-61,3.72E-09,-61,3.60E-09,-61,7.76E-09,-61,7.48E-09,-61,7.58E-09
-60,3.34E-09,-60,3.74E-09,-60,3.50E-09,-60,7.64E-09,-60,7.54E-09,-60,7.62E-09
-59,3.38E-09,-59,3.80E-09,-59,3.62E-09,-59,7.70E-09,-59,7.50E-09,-59,7.58E-09
-58,3.28E-09,-58,3.74E-09,-58,3.54E-09,-58,7.70E-09,-58,7.50E-09,-58,7.60E-09
-57,3.38E-09,-57,3.68E-09,-57,3.56E-09,-57,7.74E-09,-57,7.56E-09,-57,7.54E-09
-56,3.28E-09,-56,3.80E-09,-56,3.48E-09,-56,7.72E-09,-56,7.56E-09,-56,7.62E-09
-55,3.50E-09,-55,3.84E-09,-55,3.60E-09,-55,7.70E-09,-55,7.50E-09,-55,7.52E-09
-54,3.40E-09,-54,3.72E-09,-54,3.52E-09,-54,7.68E-09,-54,7.52E-09,-54,7.54E-09
-53,3.34E-09,-53,3.80E-09,-53,3.58E-09,-53,7.72E-09,-53,7.50E-09,-53,7.54E-09
-52,3.44E-09,-52,3.74E-09,-52,3.58E-09,-52,7.66E-09,-52,7.50E-09,-52,7.62E-09
-51,3.24E-09,-51,3.76E-09,-51,3.58E-09,-51,7.78E-09,-51,7.48E-09,-51,7.58E-09
-50,3.40E-09,-50,3.78E-09,-50,3.64E-09,-50,7.70E-09,-50,7.46E-09,-50,7.62E-09
-49,3.32E-09,-49,3.72E-09,-49,3.56E-09,-49,7.74E-09,-49,7.52E-09,-49,7.56E-09
-48,3.34E-09,-48,3.72E-09,-48,3.56E-09,-48,7.72E-09,-48,7.54E-09,-48,7.52E-09
-47,3.38E-09,-47,3.86E-09,-47,3.60E-09,-47,7.72E-09,-47,7.44E-09,-47,7.56E-09
-46,3.32E-09,-46,3.72E-09,-46,3.60E-09,-46,7.78E-09,-46,7.50E-09,-46,7.56E-09
-45,3.24E-09,-45,3.72E-09,-45,3.48E-09,-45,7.74E-09,-45,7.50E-09,-45,7.54E-09
-44,3.28E-09,-44,3.76E-09,-44,3.56E-09,-44,7.74E-09,-44,7.52E-09,-44,7.62E-09
-43,3.36E-09,-43,3.74E-09,-43,3.54E-09,-43,7.74E-09,-43,7.50E-09,-43,7.56E-09
-42,3.50E-09,-42,3.78E-09,-42,3.60E-09,-42,7.74E-09,-42,7.50E-09,-42,7.56E-09
-41,3.40E-09,-41,3.70E-09,-41,3.46E-09,-41,7.72E-09,-41,7.52E-09,-41,7.58E-09
-40,3.42E-09,-40,3.84E-09,-40,3.54E-09,-40,7.76E-09,-40,7.52E-09,-40,7.54E-09
-39,3.42E-09,-39,3.66E-09,-39,3.54E-09,-39,7.72E-09,-39,7.54E-09,-39,7.58E-09
-38,3.32E-09,-38,3.78E-09,-38,3.52E-09,-38,7.70E-09,-38,7.52E-09,-38,7.56E-09
-37,3.36E-09,-37,3.74E-09,-37,3.46E-09,-37,7.70E-09,-37,7.54E-09,-37,7.62E-09
-36,3.38E-09,-36,3.76E-09,-36,3.48E-09,-36,7.68E-09,-36,7.52E-09,-36,7.56E-09
-35,3.36E-09,-35,3.64E-09,-35,3.58E-09,-35,7.70E-09,-35,7.56E-09,-35,7.58E-09
-34,3.28E-09,-34,3.68E-09,-34,3.58E-09,-34,7.74E-09,-34,7.56E-09,-34,7.54E-09
-33,3.22E-09,-33,3.68E-09,-33,3.50E-09,-33,7.72E-09,-33,7.54E-09,-33,7.64E-09
-32,3.32E-09,-32,3.78E-09,-32,3.60E-09,-32,7.78E-09,-32,7.46E-09,-32,7.58E-09
-31,3.28E-09,-31,3.76E-09,-31,3.50E-09,-31,7.74E-09,-31,7.50E-09,-31,7.58E-09
-30,3.30E-09,-30,3.84E-09,-30,3.50E-09,-30,7.76E-09,-30,7.50E-09,-30,7.58E-09
-29,3.18E-09,-29,3.70E-09,-29,3.52E-09,-29,7.76E-09,-29,7.52E-09,-29,7.56E-09
-28,3.24E-09,-28,3.74E-09,-28,3.52E-09,-28,7.66E-09,-28,7.48E-09,-28,7.58E-09
-27,3.42E-09,-27,3.70E-09,-27,3.46E-09,-27,7.80E-09,-27,7.54E-09,-27,7.58E-09
-26,3.46E-09,-26,3.68E-09,-26,3.56E-09,-26,7.74E-09,-26,7.52E-09,-26,7.54E-09
-25,3.24E-09,-25,3.74E-09,-25,3.52E-09,-25,7.68E-09,-25,7.54E-09,-25,7.62E-09
-24,3.30E-09,-24,3.76E-09,-24,3.58E-09,-24,7.74E-09,-24,7.50E-09,-24,7.56E-09
-23,3.32E-09,-23,3.78E-09,-23,3.58E-09,-23,7.74E-09,-23,7.48E-09,-23,7.52E-09
-22,3.32E-09,-22,3.76E-09,-22,3.50E-09,-22,7.74E-09,-22,7.50E-09,-22,7.56E-09
-21,3.30E-09,-21,3.76E-09,-21,3.56E-09,-21,7.70E-09,-21,7.44E-09,-21,7.62E-09
-20,3.36E-09,-20,3.84E-09,-20,3.58E-09,-20,7.70E-09,-20,7.50E-09,-20,7.58E-09
-19,3.34E-09,-19,3.74E-09,-19,3.52E-09,-19,7.72E-09,-19,7.50E-09,-19,7.64E-09
-18,3.32E-09,-18,3.78E-09,-18,3.46E-09,-18,7.78E-09,-18,7.50E-09,-18,7.56E-09
-17,3.24E-09,-17,3.82E-09,-17,3.60E-09,-17,7.76E-09,-17,7.50E-09,-17,7.54E-09
-16,3.34E-09,-16,3.76E-09,-16,3.46E-09,-16,7.70E-09,-16,7.52E-09,-16,7.60E-09
-15,3.48E-09,-15,3.64E-09,-15,3.64E-09,-15,7.72E-09,-15,7.58E-09,-15,7.54E-09
-14,3.28E-09,-14,3.76E-09,-14,3.56E-09,-14,7.74E-09,-14,7.50E-09,-14,7.50E-09
-13,3.24E-09,-13,3.66E-09,-13,3.58E-09,-13,7.80E-09,-13,7.52E-09,-13,7.56E-09
-12,3.30E-09,-12,3.84E-09,-12,3.58E-09,-12,7.74E-09,-12,7.54E-09,-12,7.54E-09
-11,3.42E-09,-11,3.76E-09,-11,3.68E-09,-11,7.72E-09,-11,7.54E-09,-11,7.56E-09
-10,3.28E-09,-10,3.76E-09,-10,3.44E-09,-10,7.70E-09,-10,7.52E-09,-10,7.52E-09
-9,3.22E-09,-9,3.74E-09,-9,3.54E-09,-9,7.76E-09,-9,7.52E-09,-9,7.60E-09
-8,3.32E-09,-8,3.74E-09,-8,3.60E-09,-8,7.72E-09,-8,7.50E-09,-8,7.56E-09
-7,3.30E-09,-7,3.76E-09,-7,3.60E-09,-7,7.74E-09,-7,7.56E-09,-7,7.56E-09
-6,3.38E-09,-6,3.72E-09,-6,3.54E-09,-6,7.68E-09,-6,7.54E-09,-6,7.62E-09
-5,3.38E-09,-5,3.76E-09,-5,3.48E-09,-5,7.72E-09,-5,7.50E-09,-5,7.62E-09
-4,3.32E-09,-4,3.78E-09,-4,3.62E-09,-4,7.76E-09,-4,7.50E-09,-4,7.56E-09
-3,3.30E-09,-3,3.72E-09,-3,3.48E-09,-3,7.74E-09,-3,7.50E-09,-3,7.58E-09
-2,3.32E-09,-2,3.68E-09,-2,3.58E-09,-2,7.72E-09,-2,7.56E-09,-2,7.56E-09
-1,3.44E-09,-1,3.84E-09,-1,3.58E-09,-1,7.68E-09,-1,7.50E-09,-1,7.60E-09
0,3.18E-09,0,3.78E-09,0,3.62E-09,0,7.72E-09,0,7.50E-09,0,7.56E-09
1,3.58E-09,1,3.10E-09,1,3.16E-09,1,7.54E-09,1,7.70E-09,1,7.78E-09
2,3.98E-09,2,3.56E-09,2,3.20E-09,2,7.42E-09,2,7.62E-09,2,7.64E-09
3,3.28E-09,3,3.78E-09,3,3.64E-09,3,7.74E-09,3,7.54E-09,3,7.56E-09
4,4.28E-09,4,3.60E-09,4,3.14E-09,4,7.22E-09,4,7.48E-09,4,7.72E-09
5,4.22E-09,5,4.18E-09,5,3.14E-09,5,7.30E-09,5,7.26E-09,5,7.74E-09
6,3.86E-09,6,3.26E-09,6,3.32E-09,6,7.48E-09,6,7.68E-09,6,7.72E-09
7,3.32E-09,7,3.74E-09,7,2.74E-09,7,7.72E-09,7,7.54E-09,7,7.94E-09
8,3.64E-09,8,3.56E-09,8,3.16E-09,8,7.60E-09,8,7.52E-09,8,7.64E-09
9,3.52E-09,9,4.12E-09,9,4.08E-09,9,7.58E-09,9,7.34E-09,9,7.36E-09
10,3.00E-09,10,4.06E-09,10,3.32E-09,10,7.76E-09,10,7.44E-09,10,7.60E-09
11,3.34E-09,11,4.00E-09,11,3.32E-09,11,7.68E-09,11,7.44E-09,11,7.66E-09
12,3.72E-09,12,3.46E-09,12,2.76E-09,12,7.56E-09,12,7.62E-09,12,7.86E-09
13,3.76E-09,13,4.02E-09,13,2.84E-09,13,7.50E-09,13,7.40E-09,13,7.78E-09
14,3.92E-09,14,3.58E-09,14,3.94E-09,14,7.48E-09,14,7.50E-09,14,7.40E-09
15,3.70E-09,15,3.74E-09,15,3.50E-09,15,7.62E-09,15,7.42E-09,15,7.62E-09
16,3.54E-09,16,3.96E-09,16,3.02E-09,16,7.66E-09,16,7.42E-09,16,7.68E-09
17,3.30E-09,17,3.94E-09,17,3.02E-09,17,7.64E-09,17,7.46E-09,17,7.68E-09
18,3.66E-09,18,4.02E-09,18,2.72E-09,18,7.52E-09,18,7.38E-09,18,7.84E-09
19,3.44E-09,19,3.86E-09,19,3.16E-09,19,7.68E-09,19,7.48E-09,19,7.76E-09
20,3.34E-09,20,3.46E-09,20,3.80E-09,20,7.72E-09,20,7.60E-09,20,7.46E-09
21,4.12E-09,21,3.80E-09,21,3.34E-09,21,7.38E-09,21,7.46E-09,21,7.66E-09
22,4.00E-09,22,3.66E-09,22,3.40E-09,22,7.38E-09,22,7.50E-09,22,7.62E-09
23,4.24E-09,23,3.68E-09,23,2.16E-09,23,7.26E-09,23,7.54E-09,23,8.06E-09
24,3.58E-09,24,3.92E-09,24,3.34E-09,24,7.58E-09,24,7.44E-09,24,7.72E-09
25,3.92E-09,25,4.20E-09,25,2.66E-09,25,7.48E-09,25,7.24E-09,25,7.90E-09
26,3.72E-09,26,3.54E-09,26,2.94E-09,26,7.56E-09,26,7.54E-09,26,7.84E-09
27,3.60E-09,27,3.76E-09,27,3.04E-09,27,7.60E-09,27,7.44E-09,27,7.66E-09
28,3.76E-09,28,3.62E-09,28,3.82E-09,28,7.56E-09,28,7.56E-09,28,7.42E-09
29,3.88E-09,29,3.26E-09,29,3.32E-09,29,7.48E-09,29,7.64E-09,29,7.70E-09
30,3.74E-09,30,4.08E-09,30,3.90E-09,30,7.52E-09,30,7.36E-09,30,7.42E-09
31,3.36E-09,31,3.76E-09,31,3.56E-09,31,7.72E-09,31,7.46E-09,31,7.60E-09
32,3.28E-09,32,3.82E-09,32,3.62E-09,32,7.70E-09,32,7.50E-09,32,7.58E-09
33,3.28E-09,33,3.70E-09,33,3.52E-09,33,7.74E-09,33,7.50E-09,33,7.54E-09
34,3.36E-09,34,3.76E-09,34,3.50E-09,34,7.76E-09,34,7.48E-09,34,7.54E-09
35,3.34E-09,35,3.76E-09,35,3.54E-09,35,7.74E-09,35,7.48E-09,35,7.56E-09
36,3.20E-09,36,3.76E-09,36,3.58E-09,36,7.72E-09,36,7.50E-09,36,7.58E-09
37,3.32E-09,37,3.74E-09,37,3.56E-09,37,7.74E-09,37,7.52E-09,37,7.56E-09
38,3.32E-09,38,3.74E-09,38,3.52E-09,38,7.76E-09,38,7.50E-09,38,7.58E-09
39,3.36E-09,39,3.64E-09,39,3.60E-09,39,7.70E-09,39,7.54E-09,39,7.56E-09
40,3.84E-09,40,3.60E-09,40,3.18E-09,40,7.50E-09,40,7.64E-09,40,7.72E-09
41,3.88E-09,41,3.48E-09,41,2.92E-09,41,7.50E-09,41,7.62E-09,41,7.78E-09
42,4.00E-09,42,4.04E-09,42,2.70E-09,42,7.42E-09,42,7.38E-09,42,7.94E-09
43,3.86E-09,43,3.66E-09,43,3.56E-09,43,7.44E-09,43,7.54E-09,43,7.56E-09
44,3.76E-09,44,3.78E-09,44,3.30E-09,44,7.48E-09,44,7.54E-09,44,7.68E-09
45,3.68E-09,45,3.60E-09,45,3.14E-09,45,7.60E-09,45,7.52E-09,45,7.70E-09
46,3.80E-09,46,3.88E-09,46,3.40E-09,46,7.54E-09,46,7.50E-09,46,7.60E-09
47,4.02E-09,47,3.48E-09,47,3.28E-09,47,7.42E-09,47,7.64E-09,47,7.78E-09
48,3.58E-09,48,3.52E-09,48,3.64E-09,48,7.66E-09,48,7.64E-09,48,7.58E-09
49,3.90E-09,49,3.90E-09,49,2.18E-09,49,7.44E-09,49,7.50E-09,49,8.06E-09
50,3.16E-09,50,3.82E-09,50,3.36E-09,50,7.80E-09,50,7.44E-09,50,7.62E-09
51,3.84E-09,51,3.56E-09,51,2.92E-09,51,7.54E-09,51,7.62E-09,51,7.72E-09
52,3.32E-09,52,3.42E-09,52,3.98E-09,52,7.70E-09,52,7.66E-09,52,7.38E-09
53,4.08E-09,53,4.06E-09,53,3.78E-09,53,7.40E-09,53,7.46E-09,53,7.44E-09
54,4.10E-09,54,3.66E-09,54,3.16E-09,54,7.36E-09,54,7.52E-09,54,7.72E-09
55,3.94E-09,55,3.28E-09,55,2.86E-09,55,7.46E-09,55,7.70E-09,55,7.76E-09
56,3.58E-09,56,3.28E-09,56,3.22E-09,56,7.64E-09,56,7.70E-09,56,7.66E-09
57,3.78E-09,57,4.24E-09,57,2.50E-09,57,7.58E-09,57,7.30E-09,57,7.92E-09
58,3.30E-09,58,3.94E-09,58,2.88E-09,58,7.66E-09,58,7.48E-09,58,7.80E-09
59,3.74E-09,59,3.78E-09,59,3.30E-09,59,7.60E-09,59,7.54E-09,59,7.62E-09
60,3.74E-09,60,4.02E-09,60,3.80E-09,60,7.60E-09,60,7.34E-09,60,7.44E-09
61,3.90E-09,61,3.76E-09,61,2.94E-09,61,7.50E-09,61,7.52E-09,61,7.94E-09
62,3.92E-09,62,3.32E-09,62,3.10E-09,62,7.54E-09,62,7.64E-09,62,7.74E-09
63,3.80E-09,63,3.64E-09,63,3.00E-09,63,7.52E-09,63,7.56E-09,63,7.84E-09
64,3.68E-09,64,3.82E-09,64,3.46E-09,64,7.58E-09,64,7.42E-09,64,7.56E-09
65,3.76E-09,65,3.78E-09,65,3.42E-09,65,7.50E-09,65,7.46E-09,65,7.60E-09
66,3.42E-09,66,3.36E-09,66,3.32E-09,66,7.66E-09,66,7.72E-09,66,7.64E-09
67,3.62E-09,67,3.88E-09,67,3.16E-09,67,7.66E-09,67,7.44E-09,67,7.76E-09
68,3.54E-09,68,3.52E-09,68,2.42E-09,68,7.54E-09,68,7.58E-09,68,7.88E-09
69,3.60E-09,69,4.26E-09,69,2.96E-09,69,7.56E-09,69,7.26E-09,69,7.88E-09
70,3.80E-09,70,4.00E-09,70,4.06E-09,70,7.56E-09,70,7.40E-09,70,7.32E-09
71,3.62E-09,71,4.02E-09,71,2.78E-09,71,7.62E-09,71,7.42E-09,71,7.92E-09
72,3.56E-09,72,3.74E-09,72,3.14E-09,72,7.70E-09,72,7.46E-09,72,7.76E-09
73,3.58E-09,73,3.96E-09,73,3.28E-09,73,7.64E-09,73,7.48E-09,73,7.62E-09
74,3.32E-09,74,3.70E-09,74,3.44E-09,74,7.70E-09,74,7.52E-09,74,7.64E-09
75,3.74E-09,75,3.86E-09,75,3.66E-09,75,7.62E-09,75,7.52E-09,75,7.50E-09
76,3.74E-09,76,4.24E-09,76,3.40E-09,76,7.56E-09,76,7.32E-09,76,7.68E-09
77,3.76E-09,77,4.16E-09,77,3.88E-09,77,7.48E-09,77,7.32E-09,77,7.44E-09
78,3.46E-09,78,3.98E-09,78,2.72E-09,78,7.66E-09,78,7.44E-09,78,7.94E-09
79,3.58E-09,79,3.78E-09,79,3.04E-09,79,7.60E-09,79,7.50E-09,79,7.72E-09
80,3.48E-09,80,3.46E-09,80,3.50E-09,80,7.62E-09,80,7.56E-09,80,7.56E-09
81,3.64E-09,81,3.74E-09,81,3.66E-09,81,7.70E-09,81,7.52E-09,81,7.56E-09
82,3.32E-09,82,3.86E-09,82,3.04E-09,82,7.74E-09,82,7.46E-09,82,7.68E-09
83,4.00E-09,83,4.20E-09,83,3.26E-09,83,7.40E-09,83,7.24E-09,83,7.72E-09
84,4.06E-09,84,3.72E-09,84,3.14E-09,84,7.44E-09,84,7.48E-09,84,7.64E-09
85,3.62E-09,85,4.02E-09,85,2.60E-09,85,7.62E-09,85,7.36E-09,85,7.90E-09
86,3.40E-09,86,3.82E-09,86,3.46E-09,86,7.64E-09,86,7.50E-09,86,7.60E-09
87,3.50E-09,87,3.98E-09,87,3.46E-09,87,7.64E-09,87,7.40E-09,87,7.58E-09
88,3.50E-09,88,3.62E-09,88,3.06E-09,88,7.64E-09,88,7.58E-09,88,7.76E-09
89,3.62E-09,89,3.30E-09,89,3.08E-09,89,7.62E-09,89,7.66E-09,89,7.78E-09
90,3.70E-09,90,4.02E-09,90,3.26E-09,90,7.56E-09,90,7.38E-09,90,7.70E-09
91,3.52E-09,91,3.74E-09,91,2.68E-09,91,7.60E-09,91,7.50E-09,91,7.88E-09
92,4.06E-09,92,3.80E-09,92,3.00E-09,92,7.40E-09,92,7.54E-09,92,7.80E-09
93,3.28E-09,93,3.46E-09,93,3.56E-09,93,7.72E-09,93,7.66E-09,93,7.62E-09
94,3.82E-09,94,3.66E-09,94,3.96E-09,94,7.46E-09,94,7.56E-09,94,7.36E-09
95,3.46E-09,95,3.96E-09,95,3.78E-09,95,7.68E-09,95,7.44E-09,95,7.48E-09
96,3.60E-09,96,3.48E-09,96,2.24E-09,96,7.56E-09,96,7.66E-09,96,8.02E-09
97,3.72E-09,97,3.60E-09,97,2.88E-09,97,7.58E-09,97,7.52E-09,97,7.74E-09
98,3.74E-09,98,3.74E-09,98,3.46E-09,98,7.56E-09,98,7.48E-09,98,7.70E-09
99,3.70E-09,99,3.72E-09,99,3.12E-09,99,7.54E-09,99,7.50E-09,99,7.72E-09
100,4.06E-09,100,3.42E-09,100,2.72E-09,100,7.38E-09,100,7.60E-09,100,7.92E-09
101,3.54E-09,101,3.38E-09,101,3.38E-09,101,7.58E-09,101,7.62E-09,101,7.62E-09
102,3.78E-09,102,3.60E-09,102,3.52E-09,102,7.60E-09,102,7.52E-09,102,7.56E-09
103,3.86E-09,103,4.10E-09,103,2.78E-09,103,7.50E-09,103,7.26E-09,103,7.76E-09
104,3.26E-09,104,3.52E-09,104,2.80E-09,104,7.68E-09,104,7.64E-09,104,7.90E-09
105,3.62E-09,105,4.16E-09,105,3.20E-09,105,7.60E-09,105,7.34E-09,105,7.72E-09
106,3.54E-09,106,3.60E-09,106,2.92E-09,106,7.60E-09,106,7.56E-09,106,7.78E-09
107,3.60E-09,107,3.42E-09,107,3.36E-09,107,7.64E-09,107,7.66E-09,107,7.64E-09
108,3.68E-09,108,3.84E-09,108,3.04E-09,108,7.56E-09,108,7.44E-09,108,7.78E-09
109,4.02E-09,109,3.98E-09,109,2.60E-09,109,7.40E-09,109,7.40E-09,109,8.04E-09
110,3.66E-09,110,3.40E-09,110,3.02E-09,110,7.62E-09,110,7.66E-09,110,7.80E-09
111,3.76E-09,111,3.88E-09,111,3.50E-09,111,7.60E-09,111,7.52E-09,111,7.62E-09
112,3.98E-09,112,3.84E-09,112,3.62E-09,112,7.48E-09,112,7.50E-09,112,7.54E-09
113,3.86E-09,113,3.88E-09,113,3.10E-09,113,7.48E-09,113,7.44E-09,113,7.76E-09
114,3.26E-09,114,3.70E-09,114,2.78E-09,114,7.66E-09,114,7.56E-09,114,7.88E-09
115,3.24E-09,115,3.64E-09,115,3.10E-09,115,7.72E-09,115,7.54E-09,115,7.72E-09
116,3.68E-09,116,3.62E-09,116,3.04E-09,116,7.58E-09,116,7.58E-09,116,7.80E-09
117,4.04E-09,117,3.46E-09,117,3.32E-09,117,7.46E-09,117,7.62E-09,117,7.68E-09
118,3.78E-09,118,3.70E-09,118,3.74E-09,118,7.54E-09,118,7.52E-09,118,7.44E-09
119,3.68E-09,119,3.48E-09,119,3.30E-09,119,7.56E-09,119,7.54E-09,119,7.66E-09
120,3.72E-09,120,4.16E-09,120,3.68E-09,120,7.50E-09,120,7.26E-09,120,7.46E-09
121,3.84E-09,121,3.24E-09,121,3.48E-09,121,7.50E-09,121,7.68E-09,121,7.52E-09
122,3.74E-09,122,3.86E-09,122,2.84E-09,122,7.52E-09,122,7.46E-09,122,7.86E-09
123,3.60E-09,123,3.18E-09,123,3.78E-09,123,7.66E-09,123,7.80E-09,123,7.54E-09
124,3.56E-09,124,3.72E-09,124,2.44E-09,124,7.66E-09,124,7.54E-09,124,8.02E-09
125,4.16E-09,125,3.70E-09,125,2.54E-09,125,7.34E-09,125,7.54E-09,125,8.04E-09
126,3.78E-09,126,3.96E-09,126,3.88E-09,126,7.52E-09,126,7.36E-09,126,7.46E-09
127,3.56E-09,127,4.10E-09,127,3.46E-09,127,7.64E-09,127,7.30E-09,127,7.60E-09
128,3.56E-09,128,3.80E-09,128,3.22E-09,128,7.58E-09,128,7.48E-09,128,7.68E-09
129,3.52E-09,129,3.70E-09,129,3.48E-09,129,7.66E-09,129,7.44E-09,129,7.54E-09
130,3.92E-09,130,3.88E-09,130,4.06E-09,130,7.40E-09,130,7.50E-09,130,7.40E-09
131,3.36E-09,131,3.80E-09,131,3.68E-09,131,7.72E-09,131,7.50E-09,131,7.52E-09
132,3.36E-09,132,3.64E-09,132,3.60E-09,132,7.74E-09,132,7.54E-09,132,7.58E-09
133,3.34E-09,133,3.74E-09,133,3.60E-09,133,7.74E-09,133,7.52E-09,133,7.54E-09
134,3.36E-09,134,3.66E-09,134,3.50E-09,134,7.74E-09,134,7.52E-09,134,7.56E-09
135,3.32E-09,135,3.70E-09,135,3.58E-09,135,7.68E-09,135,7.48E-09,135,7.64E-09
136,3.32E-09,136,3.68E-09,136,3.58E-09,136,7.68E-09,136,7.54E-09,136,7.60E-09
137,3.38E-09,137,3.72E-09,137,3.56E-09,137,7.72E-09,137,7.50E-09,137,7.56E-09
138,3.28E-09,138,3.78E-09,138,3.64E-09,138,7.70E-09,138,7.52E-09,138,7.56E-09
139,3.40E-09,139,3.74E-09,139,3.46E-09,139,7.74E-09,139,7.54E-09,139,7.60E-09
140,3.62E-09,140,3.86E-09,140,3.34E-09,140,7.58E-09,140,7.46E-09,140,7.66E-09
141,4.14E-09,141,3.68E-09,141,2.74E-09,141,7.46E-09,141,7.56E-09,141,7.84E-09
142,3.36E-09,142,3.62E-09,142,3.92E-09,142,7.62E-09,142,7.60E-09,142,7.40E-09
143,3.98E-09,143,3.86E-09,143,3.18E-09,143,7.46E-09,143,7.48E-09,143,7.68E-09
144,3.30E-09,144,3.48E-09,144,2.70E-09,144,7.76E-09,144,7.62E-09,144,7.86E-09
145,3.68E-09,145,3.80E-09,145,3.22E-09,145,7.64E-09,145,7.50E-09,145,7.76E-09
146,4.24E-09,146,3.78E-09,146,2.02E-09,146,7.22E-09,146,7.58E-09,146,8.04E-09
147,3.04E-09,147,3.54E-09,147,2.90E-09,147,7.86E-09,147,7.66E-09,147,7.72E-09
148,3.72E-09,148,3.72E-09,148,2.24E-09,148,7.58E-09,148,7.44E-09,148,7.96E-09
149,4.02E-09,149,3.64E-09,149,3.08E-09,149,7.42E-09,149,7.56E-09,149,7.82E-09
150,3.70E-09,150,3.54E-09,150,2.90E-09,150,7.54E-09,150,7.54E-09,150,7.84E-09
151,3.98E-09,151,3.72E-09,151,3.64E-09,151,7.42E-09,151,7.50E-09,151,7.58E-09
